NOMES;ga_firstname;ga_gender;ga_accuracy;ga_samples
TIAGO;tiago;male;99;25033
CLAUIRTON;;;;
LENIMAR;lenimar;female;86;14
GUSTAVO;gustavo;male;99;27768
GLEDSON;gledson;male;100;241
HELIO;helio;male;99;2601
ARTURO;arturo;male;99;13886
JOAO;joao;male;99;33906
LEONARDO;leonardo;male;99;35570
FERNANDO;fernando;male;99;77505
LUCIDIO;lucidio;male;97;33
ANA;ana;female;97;141747
CHRISTIAN;christian;male;99;95042
RAONI;raoni;male;100;134
LUIMAR;luimar;female;80;20
VALDENILZA;;;;
LINCOLN;lincoln;male;98;1718
BRUNO;bruno;male;99;84051
ANDRE;andre;male;97;49457
NATASHA;natasha;female;98;17013
ALEXANDRE;alexandre;male;99;52132
JOAO;joao;male;99;33906
JOAO;joao;male;99;33906
GILBERTO;gilberto;male;99;7047
GIORGIA;giorgia;female;99;11501
ORLANDO;orlando;male;99;9896
ALEXANDRE;alexandre;male;99;52132
DANIELLE;danielle;female;96;32183
MANASSES;manasses;male;98;66
MARIVALDO;marivaldo;male;100;180
ELIZABET;elizabet;female;98;889
PROFESSOR;professor;male;96;196
MILTON;milton;male;99;5681
TUANNY;tuanny;female;98;57
VALDECIR;valdecir;male;99;428
GERMANA;germana;female;98;554
VITOR;vitor;male;99;15338
VIVEK;vivek;male;100;17820
ALVARO;alvaro;male;99;23143
PEDRO;pedro;male;99;109853
ERMS;erms;female;80;5
RUY;ruy;male;98;733
LEONARDO;leonardo;male;99;35570
FELIPE;felipe;male;99;29541
ULYSSES;ulysses;male;98;438
RAIMUNDO;raimundo;male;99;1899
ANDREA;andrea;female;54;161059
ANTONIO;antonio;male;99;180825
EDUARDO;eduardo;male;99;50597
MARDSON;mardson;male;100;14
EVERALDO;everaldo;male;100;725
ALISSON;alisson;male;61;3399
TIAGO;tiago;male;99;25033
CARLOS;carlos;male;99;174998
CARLOS;carlos;male;99;174998
HELIO;helio;male;99;2601
RENATA;renata;female;99;30340
REGINALDO;reginaldo;male;99;2817
ANDREI;andrei;male;98;12349
EUDISLEY;;;;
DANIELA;daniela;female;97;67491
VALERIA;valeria;female;98;23864
ALEXANDRE;alexandre;male;99;52132
RODOLFO;rodolfo;male;99;8087
SERGIO;sergio;male;99;81526
JOSE;jose;male;97;148383
JORGE;jorge;male;99;88545
CARLOS;carlos;male;99;174998
JOSE;jose;male;97;148383
MARIA;maria;female;97;245074
RICARDO;ricardo;male;99;70541
AMANDA;amanda;female;98;64384
TATIANA;tatiana;female;98;27379
FLAVIA;flavia;female;98;8604
LILIANE;liliane;female;98;7438
JOSILENE;josilene;female;99;340
ANTONIO;antonio;male;99;180825
UMBELINO;umbelino;male;100;5
SHIRLEY;shirley;female;98;12566
JAMILSON;jamilson;male;98;64
JAKCNEY;;;;
RITA;rita;female;98;40332
THAIS;thais;female;98;7519
ANTONIO;antonio;male;99;180825
CESAR;cesar;male;99;24208
GABRIELA;gabriela;female;98;35737
FREDERICO;frederico;male;99;2349
ELIZABETH;elizabeth;female;99;44677
JOSE;jose;male;97;148383
AECIO;aecio;male;100;53
JORGE;jorge;male;99;88545
STEFFEN;steffen;male;99;6430
ENEIDA;eneida;female;98;415
SADRAQUE;sadraque;male;96;46
EVELINA;evelina;female;98;2102
ELIANA;eliana;female;98;7937
KATHIA;kathia;female;98;733
FLAVIO;flavio;male;99;13137
ISABELLY;isabelly;female;98;347
SANDRA;sandra;female;98;133088
LEON;leon;male;98;17420
ALINE;aline;female;98;25640
ANTONIO;antonio;male;99;180825
MIGUEL;miguel;male;99;89766
HUGO;hugo;male;99;35618
ANA;ana;female;97;141747
VINICIUS;vinicius;male;100;7882
LAERCIO;laercio;male;99;470
KELY;kely;female;83;898
ED;ed;male;98;12795
RODRIGO;rodrigo;male;99;36660
CAMILA;camila;female;98;18150
IGUATEMI;iguatemi;male;71;7
CESAR;cesar;male;99;24208
MARIANE;mariane;female;98;2288
LAURA;laura;female;98;163073
FLAVIO;flavio;male;99;13137
GILMAR;gilmar;male;99;2115
FLANK;flank;male;95;22
EDILEIDE;edileide;female;100;55
JOSE;jose;male;97;148383
MOISES;moises;male;99;7082
MARIA;maria;female;97;245074
FAGNER;fagner;male;100;868
HAMILTON;hamilton;male;98;1631
NELSON;nelson;male;99;24069
JAIRO;jairo;male;99;6151
ROBERTO;roberto;male;99;100721
ANTONIO;antonio;male;99;180825
MAGDIEL;magdiel;male;90;222
GIOVANNI;giovanni;male;99;62826
ROBERTO;roberto;male;99;100721
EVANGELINA;evangelina;female;98;469
ANIBAL;anibal;male;99;2670
DERZU;derzu;male;100;3
CARLO;carlo;male;98;33118
WAGNER;wagner;male;98;5297
SERGIO;sergio;male;99;81526
RAFAELA;rafaela;female;98;6621
DANIEL;daniel;male;99;257742
GREGÓRIO;gregório;male;99;67
ISAIAS;isaias;male;99;2164
JILVAN;jilvan;male;100;10
PEDRO;pedro;male;99;109853
PEDRO;pedro;male;99;109853
JACQUELINE;jacqueline;female;98;23327
ELADIO;eladio;male;99;618
UBERLANDIO;;;;
JOSE;jose;male;97;148383
JOELTON;joelton;male;98;42
THALES;thales;male;99;942
VINICIUS;vinicius;male;100;7882
ALBERTO;alberto;male;99;73988
HUMBERTO;humberto;male;99;5604
TARCIANA;tarciana;female;99;72
ELISANDRA;elisandra;female;97;393
PAULO;paulo;male;99;57206
ORIANA;oriana;female;98;1626
GILMARIO;gilmario;male;98;54
NILTON;nilton;male;99;1963
MARCIO;marcio;male;99;10914
LEANDRO;leandro;male;99;19678
BARBARA;barbara;female;98;58381
JOAO;joao;male;99;33906
WALDIR;waldir;male;100;460
LUIS;luis;male;99;120090
VANIA;vania;female;96;6234
LUIZ;luiz;male;99;11073
JOEDSON;joedson;male;100;85
MICHELLE;michelle;female;97;66957
LIZANDRO;lizandro;male;98;196
EDSON;edson;male;99;9766
JOSE;jose;male;97;148383
EDMILSON;edmilson;male;99;1469
JOZEMAR;jozemar;male;100;9
GUTEMBERG;gutemberg;male;100;227
VALTER;valter;male;99;4384
MARIO;mario;male;99;112267
ALAN;alan;male;99;44635
BRIVALDO;brivaldo;male;100;5
ROGERIO;rogerio;male;99;5738
EMANUELLE;emanuelle;female;93;714
LUCIANO;luciano;male;99;21738
MIRIAM;miriam;female;98;26103
NELSIO;nelsio;male;100;5
FELIX;felix;male;98;24864
DAMIAO;damiao;male;99;277
APARECIDO;aparecido;male;99;367
MARCELLO;marcello;male;99;11514
FERNANDO;fernando;male;99;77505
JAILINE;jailine;female;100;8
AURORA;aurora;female;98;8268
BRUNO;bruno;male;99;84051
JOSE;jose;male;97;148383
CAIO;caio;male;99;4421
SEVERINO;severino;male;99;787
EDMUNDO;edmundo;male;99;1192
ABRAAO;abraao;male;100;222
CLEVERSON;cleverson;male;100;465
LAURA;laura;female;98;163073
DIEGO;diego;male;99;67382
GUSTAVO;gustavo;male;99;27768
AURELIO;aurelio;male;99;3274
AILTON;ailton;male;100;1309
ULISSES;ulisses;male;100;812
JOAO;joao;male;99;33906
MARIA;maria;female;97;245074
ANTONIO;antonio;male;99;180825
LUCIA;lucia;female;98;44426
JOSEMBERG;josemberg;male;100;11
MIGUEL;miguel;male;99;89766
SHIRLEY;shirley;female;98;12566
MAURO;mauro;male;99;31683
NAPOLEON;napoleon;male;97;666
FREDERICO;frederico;male;99;2349
PEDRO;pedro;male;99;109853
PAULO;paulo;male;99;57206
JOAO;joao;male;99;33906
CARLOS;carlos;male;99;174998
GARIBALDI;garibaldi;male;97;66
FERNANDO;fernando;male;99;77505
ROMERO;romero;male;90;629
ALBERTO;alberto;male;99;73988
JULIANA;juliana;female;98;22243
RONEI;ronei;male;99;167
ADRIANO;adriano;male;99;17099
MARGARIDA;margarida;female;98;4341
FRANCISCO;francisco;male;99;62346
ADRIANO;adriano;male;99;17099
CELSO;celso;male;99;3967
CAMILLE;camille;female;84;20246
SERGIO;sergio;male;99;81526
GUIDO;guido;male;99;10286
ROSALVO;rosalvo;male;96;55
SYDNEY;sydney;female;70;4628
NIVEA;nivea;female;93;363
INACIO;inacio;male;98;604
KELYANE;kelyane;female;67;18
CLAUDIA;claudia;female;98;72003
ANA;ana;female;97;141747
SANDRA;sandra;female;98;133088
HILDA;hilda;female;98;4056
MARIA;maria;female;97;245074
FERNANDA;fernanda;female;98;24078
HELIO;helio;male;99;2601
JULIANA;juliana;female;98;22243
CLAUDIO;claudio;male;99;46478
ALINE;aline;female;98;25640
MARLUCE;marluce;female;99;298
SIDNEY;sidney;male;84;4164
LUCIANO;luciano;male;99;21738
LUCIMEIRY;;;;
NADJA;nadja;female;98;3728
AUGUSTO;augusto;male;99;7854
LUIZ;luiz;male;99;11073
ITAMAR;itamar;male;95;804
ADRIANO;adriano;male;99;17099
HELENO;heleno;male;97;203
MARIA;maria;female;97;245074
JOACIO;;;;
SERGUEI;serguei;male;98;198
JULYANA;julyana;female;99;223
EDNEIA;edneia;female;98;186
GILSON;gilson;male;99;2505
FLADMIR;;;;
IEDA;ieda;female;98;321
MARIA;maria;female;97;245074
JULIANO;juliano;male;99;3447
NACIB;nacib;male;90;29
ELISANGELA;elisangela;female;99;2770
EULAMPIO;;;;
VALERIA;valeria;female;98;23864
EDVALDO;edvaldo;male;99;999
JORGE;jorge;male;99;88545
JOSE;jose;male;97;148383
JANSEN;jansen;male;91;497
FLORA;flora;female;97;7814
ROSIVALDO;rosivaldo;male;99;145
DILAINE;dilaine;female;100;10
EDIANE;ediane;female;98;208
NARBAL;narbal;male;100;4
MARIA;maria;female;97;245074
GIANNA;gianna;female;96;3392
TURIBIO;turibio;male;91;11
ANA;ana;female;97;141747
ALBERTO;alberto;male;99;73988
GICIANE;;;;
FABIO;fabio;male;99;72039
IDELTONIO;;;;
ARTHUR;arthur;male;99;20561
MARIA;maria;female;97;245074
REINALDO;reinaldo;male;99;3183
CHRISTIANE;christiane;female;98;10974
LUCIA;lucia;female;98;44426
MARCIA;marcia;female;97;14051
NEILSON;neilson;male;100;128
LUCIO;lucio;male;99;7323
MARIA;maria;female;97;245074
CAROLINA;carolina;female;98;33330
JOSE;jose;male;97;148383
AMANDA;amanda;female;98;64384
NAOR;naor;male;100;86
DAVID;david;male;99;381770
JOAO;joao;male;99;33906
FABIANA;fabiana;female;98;11002
LUIS;luis;male;99;120090
VALERIA;valeria;female;98;23864
BARTOLOMEU;bartolomeu;male;99;224
MARIA;maria;female;97;245074
ROSILENE;rosilene;female;99;955
ANA;ana;female;97;141747
ANA;ana;female;97;141747
VALDINEY;valdiney;male;100;82
AGDA;agda;female;97;225
LUCIANO;luciano;male;99;21738
ABDORAL;;;;
EUGENIO;eugenio;male;99;6743
WLADIMIR;wladimir;male;99;1071
LILIA;lilia;female;98;5596
RITA;rita;female;98;40332
NEWTON;newton;male;98;1383
PEDRO;pedro;male;99;109853
NILSE;nilse;female;90;39
FERNANDO;fernando;male;99;77505
CLAUDILENE;claudilene;female;97;73
GEKBEDE;;;;
ANDERSON;anderson;male;99;17330
MARCONI;marconi;male;98;288
DELIANE;deliane;female;96;53
DANIELLE;danielle;female;96;32183
MERCIA;mercia;female;96;542
CARLOS;carlos;male;99;174998
CELINA;celina;female;98;3427
MIGUEL;miguel;male;99;89766
JOSE;jose;male;97;148383
MARCOS;marcos;male;99;43582
ANTONIO;antonio;male;99;180825
MAISA;maisa;female;96;892
GUSTAVO;gustavo;male;99;27768
ANTONIA;antonia;female;97;10330
IVAN;ivan;male;99;80498
TIAGO;tiago;male;99;25033
ELISANGELA;elisangela;female;99;2770
DIOGENES;diogenes;male;100;439
FERNANDA;fernanda;female;98;24078
WALLACE;wallace;male;98;2633
AMIRA;amira;female;95;8568
LUCIANE;luciane;female;98;1813
JORGE;jorge;male;99;88545
NELSON;nelson;male;99;24069
CASSIO;cassio;male;99;1130
MAURA;maura;female;97;3133
RUBENS;rubens;male;99;2254
MARIA;maria;female;97;245074
GUSTAVO;gustavo;male;99;27768
ANDRE;andre;male;97;49457
PAULO;paulo;male;99;57206
ANDERSON;anderson;male;99;17330
FABRICIO;fabricio;male;99;4796
JENNIFER;jennifer;female;98;88317
JOHNNI;johnni;male;97;123
MARIA;maria;female;97;245074
ABRAHAO;abrahao;male;96;24
SERGIO;sergio;male;99;81526
DERVAL;derval;male;67;24
MANOEL;manoel;male;99;2483
VALDO;valdo;male;99;562
PAULO;paulo;male;99;57206
EDWARD;edward;male;99;24073
JOSE;jose;male;97;148383
ANAND;anand;male;100;13788
ERALDO;eraldo;male;99;534
JORIA;joria;female;100;10
ALESSIO;alessio;male;99;26298
NICOLAS;nicolas;male;99;79977
LUCIA;lucia;female;98;44426
XAMAN;xaman;male;100;10
ANDRESSA;andressa;female;98;5310
JULIO;julio;male;96;31126
TERENCE;terence;male;99;3420
FERNANDES;fernandes;male;78;1162
LENISE;lenise;female;98;105
MILTON;milton;male;99;5681
CAMILO;camilo;male;99;5772
TIAGO;tiago;male;99;25033
CLAUDIA;claudia;female;98;72003
JOEL;joel;male;99;40697
ARIOSVALDO;ariosvaldo;male;100;20
AFRANIO;afranio;male;100;89
IONARA;ionara;female;98;111
JOAO;joao;male;99;33906
WEBERT;webert;male;97;78
LILIANA;liliana;female;98;18484
MARIE;marie;female;97;110430
IDEBALDO;;;;
MARTA;marta;female;98;84333
ADRIANO;adriano;male;99;17099
FRANCISCO;francisco;male;99;62346
JOACILDA;;;;
MARCOS;marcos;male;99;43582
GILFRANCO;;;;
CYBELLE;cybelle;female;97;117
MICHELE;michele;male;72;60021
YTALO;ytalo;male;99;67
FRANCISCO;francisco;male;99;62346
LEONCIO;leoncio;male;100;257
SEVERINO;severino;male;99;787
FILIPE;filipe;male;99;16641
IZABEL;izabel;female;98;1208
ANA;ana;female;97;141747
ANDRE;andre;male;97;49457
CLIMERIO;climerio;male;100;10
CLAUDIO;claudio;male;99;46478
MARIANA;mariana;female;98;27420
ERCULES;ercules;male;100;17
FERNANDO;fernando;male;99;77505
MARCEL;marcel;male;98;38223
ROBSON;robson;male;99;6206
CLEONILSON;cleonilson;male;100;8
EVERTON;everton;male;99;3060
LEYLA;leyla;female;96;12291
JOSE;jose;male;97;148383
ANA;ana;female;97;141747
JOAO;joao;male;99;33906
ARTHUR;arthur;male;99;20561
MARIA;maria;female;97;245074
EDUARDO;eduardo;male;99;50597
ITAMAR;itamar;male;95;804
CAMILA;camila;female;98;18150
LUCIANO;luciano;male;99;21738
IRIS;iris;female;97;13499
ROSANGELA;rosangela;female;99;4532
HELIO;helio;male;99;2601
NAGEL;nagel;male;62;52
DIANA;diana;female;98;59982
ALBERTO;alberto;male;99;73988
SHEILA;sheila;female;98;15031
LUCIANA;luciana;female;98;14723
ISABELLA;isabella;female;98;11891
JEVUKS;;;;
ANDREA;andrea;female;54;161059
JOSEMARY;josemary;female;59;17
CLEZIO;clezio;male;100;28
HENRY;henry;male;99;32139
CRISTIANO;cristiano;male;99;12712
EDILANE;edilane;female;97;143
ANA;ana;female;97;141747
KATIA;katia;female;98;21205
PAULO;paulo;male;99;57206
STELLA;stella;female;98;20504
NADJA;nadja;female;98;3728
KATIA;katia;female;98;21205
ROMILDO;romildo;male;96;336
IGNACIO;ignacio;male;99;8397
MOISES;moises;male;99;7082
ANA;ana;female;97;141747
RONALD;ronald;male;99;20480
FRANCISCO;francisco;male;99;62346
FERNANDO;fernando;male;99;77505
ELINES;elines;female;88;16
RODRIGO;rodrigo;male;99;36660
JOSE;jose;male;97;148383
PAULO;paulo;male;99;57206
MARCAL;marcal;male;100;26
JULIANA;juliana;female;98;22243
LUCIANO;luciano;male;99;21738
NAILA;naila;female;98;1331
MARTINE;martine;female;97;26046
TATIANA;tatiana;female;98;27379
FELIPE;felipe;male;99;29541
MARIO;mario;male;99;112267
HILZETH;;;;
REGINA;regina;female;98;16439
PRISCIANE;prisciane;female;100;18
